Original,,,Translated
3,,,3
Aachen,,,Aachen
Nordrhein,,,North Rhine
7374,,,7374
Ahaus,,,Ahaus
Nordrhein,,,North Rhine
52,,,52
Ahrensburg,,,Ahrensburg
Wulfsdorf,,,Wulfsdorf
71,,,71
Albstadt,,,Albstadt
Badkap,,,Badkap
73,,,73
Aldersbach,,,Aldersbach
Kriestorf,,,Kriestorf
7367,,,7367
Alfeld,,,Alfeld
Niedersachsen,,,Lower Saxony
78,,,78
Alfhausen,,,Alfhausen
Niedersachsen,,,Lower Saxony
91,,,91
Alsfeld,,,Alsfeld
Eifa,,,Eifa
125,,,125
Altenstadt,,,Old City
Bayern,,,Bavaria
4189,,,4189
Altheim,,,Altheim
Kreis,,,Circuit
142,,,142
AltomÅnster,,,Altomuenster
Maisbrunn,,,Maisbrunn
150,,,150
Alzey,,,Alzey
Rheinland,,,Rhineland
151,,,151
Amberg,,,On The Mountain
Unterammersricht,,,Under Ammersricht
154,,,154
Amerang,,,Amerang
Pfaffing,,,Pfaffing
161,,,161
Andernach,,,Andernach
Rheinland,,,Rhineland
164,,,164
AngermÅnde,,,AngermÅnde
Brandenburg,,,Brandenburg
167,,,167
Anklam,,,Anklam
Mecklenburg,,,Mecklenburg
175,,,175
Ansbach,,,Ansbach
Bayern,,,Bavaria
181,,,181
Arendsee,,,Arendsee
Sachsen,,,Saxony
183,,,183
Arkona,,,Arkona
Mecklenburg,,,Mecklenburg
7330,,,7330
Arnsberg,,,Arnsberg
Neheim,,,Neheim
191,,,191
Arnstein,,,Arnstein
MÅdesheim,,,MÅdesheim
198,,,198
Artern,,,Hardeners
ThÅringen,,,Thuringia
3226,,,3226
Aschersleben,,,Aschersleben
Mehringen,,,Mehringen
217,,,217
Attenkam,,,Attenkam
Bayern,,,Bavaria
222,,,222
Aue,,,Aue
Sachsen,,,Saxony
232,,,232
Augsburg,,,Augsburg
Bayern,,,Bavaria
238,,,238
Aulendorf,,,Aulendorf
Spiegler,,,Spiegler
257,,,257
Baden,,,Baden
Baden,,,Baden
268,,,268
Baiersbronn,,,Baiersbronn
Obertal,,,Obertal
13903,,,13903
Bake,,,Bake
Zulu,,,Zulu
282,,,282
Bamberg,,,Bamberg
Bayern,,,Bavaria
294,,,294
Barsinghausen,,,Barsinghausen
Hohenbostel,,,Hohenbostel
298,,,298
Barth,,,Barth
Mecklenburg,,,Mecklenburg
303,,,303
Baruth,,,Baruth
Brandenburg,,,Brandenburg
5822,,,5822
Bassum,,,Bassum
Niedersachsen,,,Lower Saxony
326,,,326
Beckum,,,Beckum
Unterberg,,,Unterberg
330,,,330
Beerfelden,,,Beerfelden
Hessen,,,Hesse
342,,,342
Belm,,,BelÇm
Niedersachsen,,,Lower Saxony
348,,,348
Bendorf,,,Bendorf
Rheinland,,,Rhineland
361,,,361
Berchtesgaden,,,Berchtesgaden
KKst,,,KKst
5825,,,5825
Berge,,,Mountains
Brandenburg,,,Brandenburg
368,,,368
Bergen,,,Recover
Niedersachsen,,,Lower Saxony
377,,,377
Bergzabern,,,Bergzabern
Bad,,,Bathroom
390,,,390
Berleburg,,,Berleburg
Bad,,,Bathroom
396,,,396
Berlin,,,Berlin
Alexanderplatz,,,Alexanderplatz
445,,,445
Bernburg,,,Bernburg
Saale,,,Saale
450,,,450
Bernkastel,,,Bernkastel
Kues,,,Kues
2252,,,2252
Bertsdorf,,,Bert village
Hîrnitz,,,Hoernitz
460,,,460
Berus,,,Berus
Saarland,,,Saarland
2323,,,2323
Bevern,,,Bevern
Kr,,,Kr
7106,,,7106
Bielefeld,,,Bielefeld
Deppendorf,,,Depp village
1411,,,1411
Birx,,,Birx
Rhîn,,,Rhîn
535,,,535
Blankenrath,,,Blank Rath
Rheinland,,,Rhineland
553,,,553
Bocholt,,,Bocholt
Marienschule,,,Marie School
555,,,555
Bochum,,,Bochum
Nordrhein,,,North Rhine
591,,,591
Boizenburg,,,Boizenburg
Mecklenburg,,,Mecklenburg
596,,,596
Boltenhagen,,,Bolton
Mecklenburg,,,Mecklenburg
598,,,598
Bonn,,,Bonn
Nordrhein,,,North Rhine
617,,,617
Borken,,,Borken
in,,,in
7373,,,7373
Borkum,,,Borkum
Flugplatz,,,Airfield
656,,,656
Braunlage,,,Brown Location
Niedersachsen,,,Lower Saxony
662,,,662
Braunschweig,,,Brunswick
Niedersachsen,,,Lower Saxony
685,,,685
Breitsol,,,Breitsol
Bayern,,,Bavaria
691,,,691
Bremen,,,Bremen
Bremen,,,Bremen
701,,,701
Bremerhaven,,,Bremerhaven
Bremen,,,Bremen
704,,,704
Bremervîrde,,,Bremervîrde
Niedersachsen,,,Lower Saxony
6264,,,6264
Brilon,,,Brilon
ThÅlen,,,ThÅlen
722,,,722
Brocken,,,Chunk
Sachsen,,,Saxony
755,,,755
Buchen,,,Book
Kr,,,Kr
757,,,757
Buchenbach,,,Book Bach
Baden,,,Baden
817,,,817
Burgwald,,,Castle Forest
Bottendorf,,,Bottendorf
766,,,766
BÅchel,,,BÅchel
Flugplatz,,,Airfield
769,,,769
BÅckeburg,,,BÅckeburg
Niedersachsen,,,Lower Saxony
840,,,840
Carlsfeld,,,Carl field
Sachsen,,,Saxony
850,,,850
Celle,,,Celle
Niedersachsen,,,Lower Saxony
853,,,853
Chemnitz,,,Chemnitz
Sachsen,,,Saxony
856,,,856
Chieming,,,Chieming
Bayern,,,Bavaria
863,,,863
Clausthal,,,Clausthal
Zellerfeld,,,Zellerfeld
6170,,,6170
Coschen,,,Coschen
Brandenburg,,,Brandenburg
879,,,879
Cottbus,,,Cottbus
Flugplatz,,,Airfield
891,,,891
Cuxhaven,,,Cuxhaven
Niedersachsen,,,Lower Saxony
3164,,,3164
Cîlbe,,,Coelbe
Kr,,,Kr
896,,,896
Dachwig,,,Dachwig
ThÅringen,,,Thuringia
5832,,,5832
Dannenberg,,,Dannenberg
Niedersachsen,,,Lower Saxony
917,,,917
Darmstadt,,,Darmstadt
Hessen,,,Hesse
6273,,,6273
Demker,,,Demker
Sachsen,,,Saxony
953,,,953
Deuselbach,,,Deuselbach
Rheinland,,,Rhineland
7343,,,7343
Deutschneudorf,,,German Neudorf
BrÅderwiese,,,Brothers meadow
963,,,963
Diepholz,,,Diepholz
Niedersachsen,,,Lower Saxony
979,,,979
Dillenburg,,,Dillenburg
Hessen,,,Hesse
982,,,982
Dillingen,,,Dillingen
Donau,,,Danube
991,,,991
Dippoldiswalde,,,Dippoldiswalde
Reinberg,,,Reinberg
1001,,,1001
Doberlug,,,Doberlug
Kirchhain,,,Kirchhain
7319,,,7319
Donauwîrth,,,Donauwîrth
Osterweiler,,,Osterweiler
1048,,,1048
Dresden,,,Dresden
Klotzsche,,,Klotzsche
1052,,,1052
Drewitz,,,Drewitz
bei,,,with
13670,,,13670
Duisburg,,,Duisburg
Baerl,,,Baerl
6163,,,6163
Dîrnick,,,Dîrnick
Schleswig,,,Schleswig
6159,,,6159
Dîrpen,,,Dîrpen
Niedersachsen,,,Lower Saxony
1072,,,1072
DÅrkheim,,,Durkheim
Bad,,,Bathroom
1078,,,1078
DÅsseldorf,,,Dusseldorf
Nordrhein,,,North Rhine
1103,,,1103
Ebersberg,,,Ebersberg
Halbing,,,Halbing
1107,,,1107
Ebrach,,,Ebrach
Bayern,,,Bavaria
1130,,,1130
Eggebek,,,Eggebek
Schleswig,,,Schleswig
1161,,,1161
EichstÑtt,,,EichstÑtt
Landershofen,,,Landershofen
7368,,,7368
Eisenach,,,Eisenach
ThÅringen,,,Thuringia
1197,,,1197
Ellwangen,,,Ellwangen
Rindelbach,,,Rindelbach
1200,,,1200
ElpersbÅttel,,,ElpersbÅttel
Schleswig,,,Schleswig
7075,,,7075
Elsendorf,,,Elsendorf
Horneck,,,Horneck
1207,,,1207
Elster,,,Magpie
Bad,,,Bathroom
1214,,,1214
Elzach,,,Elzach
Fisnacht,,,Fisnacht
1219,,,1219
Emden,,,Emden
Nesserland,,,Ness Erland
1224,,,1224
Emmendingen,,,Emmendingen
Mundingen,,,Mundingen
1239,,,1239
Engen,,,Close
Hegau,,,Hegau
1255,,,1255
Eppingen,,,Eppingen
Elsenz,,,Elsenz
1266,,,1266
Erfde,,,Erfde
Schleswig,,,Schleswig
1270,,,1270
Erfurt,,,Erfurt
Weimar,,,Weimar
1297,,,1297
Eschwege,,,Eschwege
Hessen,,,Hesse
1300,,,1300
Eslohe,,,Eslohe
Nordrhein,,,North Rhine
1303,,,1303
Essen,,,Food
Bredeney,,,Bredeney
1332,,,1332
Falkenberg,,,Falkenberg
Kr,,,Kr
1339,,,1339
Fa·berg,,,Fassberg
Niedersachsen,,,Lower Saxony
5516,,,5516
Fehmarn,,,Fehmarn
Schleswig,,,Schleswig
1341,,,1341
Fehmarnbelt,,,Fehmarn Belt
Schleswig,,,Schleswig
1346,,,1346
Feldberg,,,Feldberg
Schwarzwald,,,Black forest
7369,,,7369
Feuchtwangen,,,Feuchtwangen
Heilbronn,,,Heilbronn
1357,,,1357
Fichtelberg,,,Fichtelberg
Oberfranken,,,Upper Franconia
1420,,,1420
Frankfurt,,,Frankfurt
Main,,,Main
1443,,,1443
Freiburg,,,Freiburg
Baden,,,Baden
7187,,,7187
Freudenberg,,,Freudenberg
Main,,,Main
1468,,,1468
Freudenstadt,,,Freudenstadt
Baden,,,Baden
1473,,,1473
Freystadt,,,Frey city
Oberndorf,,,Oberndorf
1490,,,1490
Friedrichshafen,,,Friedrichshafen
Baden,,,Baden
1503,,,1503
Friesoythe,,,Friesoythe
Altenoythe,,,Altenoythe
1504,,,1504
Fritzlar,,,Fritzlar
Flugplatz,,,Airfield
1526,,,1526
Fulda,,,Fulda
Hessen,,,Hesse
1515,,,1515
FÅrstenfeldbruck,,,FÅrstenfeldbruck
Bayern,,,Bavaria
5856,,,5856
FÅrstenzell,,,Fuerstenzell
Bayern,,,Bavaria
1544,,,1544
Gardelegen,,,Gardelegen
Sachsen,,,Saxony
1550,,,1550
Garmisch,,,Garmisch
Partenkirchen,,,Partenkirchen
3234,,,3234
Garsebach,,,Garsebach
bei,,,with
1580,,,1580
Geisenheim,,,Geisenheim
Hessen,,,Hesse
1584,,,1584
Geisingen,,,Geisingen
Baden,,,Baden
1587,,,1587
Gelbelsee,,,Gelbelsee
Bayern,,,Bavaria
1590,,,1590
Geldern,,,Funds
Walbeck,,,Walbeck
1605,,,1605
Genthin,,,Genthin
Sachsen,,,Saxony
1612,,,1612
Gera,,,Gera
Leumnitz,,,Leumnitz
131,,,131
Geringswalde,,,Geringswalde
Altgeringswalde,,,Altgeringswalde
13700,,,13700
Gevelsberg,,,Gevelsberg
Oberbrîking,,,Oberbrîking
1639,,,1639
Gie·en,,,Pour
Wettenberg,,,Wettenberg
1645,,,1645
Gilserberg,,,Gilserberg
Moischeid,,,Moischeid
1666,,,1666
GlÅcksburg,,,GlÅcksburg
Meierwik,,,Meierwik
1694,,,1694
Goldberg,,,Goldberg
Mecklenburg,,,Mecklenburg
5149,,,5149
Gollhofen,,,Gollhofen
Bayern,,,Bavaria
7395,,,7395
Gottfrieding,,,Gottfrieding
Bayern,,,Bavaria
1735,,,1735
Grainet,,,Grainet
Rehberg,,,Rehberg
1736,,,1736
Grambek,,,Grambek
Schleswig,,,Schleswig
6109,,,6109
Grambow,,,Grambow
Schwennenz,,,Schwennenz
1757,,,1757
Greifswald,,,Greifswald
Mecklenburg,,,Mecklenburg
1759,,,1759
Greifswalder,,,Greifswald
Oie,,,Oie
1833,,,1833
Grosser,,,Grosser
Falkenstein,,,Falkenstein
1803,,,1803
Gro·,,,Great
LÅsewitz,,,LÅsewitz
44,,,44
Gro·enkneten,,,Grossenkneten
Niedersachsen,,,Lower Saxony
1832,,,1832
Gro·er,,,Great
Arber,,,Arber
6259,,,6259
Gro·erlach,,,Gro·erlach
Mannenweiler,,,Mannenweiler
1721,,,1721
GrÑfenberg,,,Graefenberg
Kasberg,,,Kasberg
1863,,,1863
GrÅndau,,,Gruendau
Breitenborn,,,Breitenborn
1869,,,1869
GrÅnow,,,GrÅnow
Brandenburg,,,Brandenburg
1684,,,1684
Gîrlitz,,,Gîrlitz
Sachsen,,,Saxony
1691,,,1691
Gîttingen,,,Gîttingen
Niedersachsen,,,Lower Saxony
5871,,,5871
Hahn,,,Cock
Rheinland,,,Rhineland
1957,,,1957
Halle,,,Hall
Krîllwitz,,,Krîllwitz
1975,,,1975
Hamburg,,,Hamburg
FuhlsbÅttel,,,Fuhlsbiittel
13675,,,13675
Hameln,,,Hameln
Hastenbeck,,,Hastenbeck
2014,,,2014
Hannover,,,Hanover
Niedersachsen,,,Lower Saxony
2023,,,2023
Harburg,,,Harburg
Bayern,,,Bavaria
2039,,,2039
Harzburg,,,Harzburg
Bad,,,Bathroom
2044,,,2044
Harzgerode,,,Harzgerode
Sachsen,,,Saxony
7298,,,7298
Hattstedt,,,Hattstedt
Schleswig,,,Schleswig
2074,,,2074
Hechingen,,,Hechingen
Baden,,,Baden
7389,,,7389
Heckelberg,,,Heckelberg
Brandenburg,,,Brandenburg
2080,,,2080
Heidelberg,,,Heidelberg
Baden,,,Baden
2088,,,2088
Heidenheim,,,Heidenheim
Brenz,,,Brenz
320,,,320
Heinersreuth,,,Heinersreuth
Vollhof,,,Vollhof
2110,,,2110
Heinsberg,,,Heinberg
Schleiden,,,Schleiden
2115,,,2115
Helgoland,,,Helgoland
Schleswig,,,Schleswig
13777,,,13777
Helmstedt,,,Helmstedt
Emmerstedt,,,Emmerstedt
7331,,,7331
Hermaringen,,,Hermaringen
Allewind,,,Allewind
2166,,,2166
Herrnhut,,,Herrnhut
Sachsen,,,Saxony
2171,,,2171
Hersfeld,,,Hersfeld
Bad,,,Bathroom
2174,,,2174
Herzberg,,,Herzberg
Niedersachsen,,,Lower Saxony
2201,,,2201
Hiddensee,,,Hiddensee
Vitte,,,Vitte
13776,,,13776
Hildesheim,,,Hildesheim
Drispenstedt,,,Drispenstedt
2211,,,2211
Hilgenroth,,,Hilgenroth
Rheinland,,,Rhineland
2261,,,2261
Hof,,,Court
Bayern,,,Bavaria
2290,,,2290
Hohenpei·enberg,,,Hohenpei·enberg
Bayern,,,Bavaria
7396,,,7396
Hoherodskopf,,,Hoherodskopf
Vogelsberg,,,Vogelsberg
2303,,,2303
Hohn,,,Mockery
Schleswig,,,Schleswig
2306,,,2306
Hohwacht,,,Hohwacht
Schleswig,,,Schleswig
2315,,,2315
Holzdorf,,,Wood Village
Flugplatz,,,Airfield
2319,,,2319
Holzkirchen,,,Wooden Churches
Bayern,,,Bavaria
2338,,,2338
Hopsten,,,Hopsten
Flugplatz,,,Airfield
7393,,,7393
Hoyerswerda,,,Hoyerswerda
Sachsen,,,Saxony
2374,,,2374
Husum,,,Husum
Schleswig,,,Schleswig
2362,,,2362
HÅmmerich,,,HÅmmerich
Rheinland,,,Rhineland
2385,,,2385
Idar,,,Idar
Oberstein,,,Oberstein
6260,,,6260
Ingelfingen,,,Ingelfingen
Stachenhausen,,,Stachenhausen
2410,,,2410
Ingolstadt,,,Ingolstadt
Flugplatz,,,Airfield
2429,,,2429
Itzehoe,,,Itzehoe
Schleswig,,,Schleswig
2444,,,2444
Jena,,,Jena
Sternwarte,,,Observatory
2456,,,2456
Jever,,,Jever
Niedersachsen,,,Lower Saxony
7364,,,7364
Je·nitz,,,Je·nitz
Sachsen,,,Saxony
2480,,,2480
Kahl,,,Bald
Main,,,Main
2483,,,2483
Kahler,,,Bare
Asten,,,Asten
2485,,,2485
Kaisersbach,,,Kaiserbach
CronhÅtte,,,CronhÅtte
2486,,,2486
Kaiserslautern,,,Kaiserslautern
Rheinland,,,Rhineland
2488,,,2488
Kaisheim,,,Kaisheim
Neuhof,,,Neuhof
2494,,,2494
Kalkar,,,Kalkar
Nordrhein,,,North Rhine
2497,,,2497
Kall,,,Kall
Sistig,,,Sistig
2503,,,2503
Kaltennordheim,,,Kaltennordheim
ThÅringen,,,Thuringia
6310,,,6310
Karlshagen,,,Karl Hagen
Mecklenburg,,,Mecklenburg
2521,,,2521
Karlshuld,,,Karlshuld
Bayern,,,Bavaria
2522,,,2522
Karlsruhe,,,Karlsruhe
Baden,,,Baden
2532,,,2532
Kassel,,,Kassel
Hessen,,,Hesse
2542,,,2542
Kaufbeuren,,,Kaufbeuren
Bayern,,,Bavaria
2559,,,2559
Kempten,,,Kempten
Bayern,,,Bavaria
3679,,,3679
Kiefersfelden,,,Kiefersfelden
Gach,,,Gach
2564,,,2564
Kiel,,,Keel
Holtenau,,,Holtenau
2575,,,2575
Kirchberg,,,Kirchberg
Jagst,,,Chase
2578,,,2578
Kirchdorf,,,Kirchdorf
Poel,,,Poel
2597,,,2597
Kissingen,,,Kissingen
Bad,,,Bathroom
2600,,,2600
Kitzingen,,,Kitzingen
Bayern,,,Bavaria
2601,,,2601
Kleiner,,,Minor
Feldberg,,,Feldberg
2627,,,2627
Klettwitz,,,Klettwitz
Brandenburg,,,Brandenburg
2629,,,2629
Kleve,,,Kleve
Nordrhein,,,North Rhine
2638,,,2638
Klippeneck,,,Klippeneck
Baden,,,Baden
2641,,,2641
Klitzschen,,,Klitzschen
bei,,,with
2656,,,2656
Koblenz,,,Koblenz
Rheinland,,,Rhineland
2708,,,2708
Kohlgrub,,,Kohlgrub
Bad,,,Bathroom
2712,,,2712
Konstanz,,,Constance
Baden,,,Baden
4301,,,4301
Kreuznach,,,Kreuznach
Bad,,,Bathroom
2750,,,2750
Kronach,,,Kronach
Bayern,,,Bavaria
2761,,,2761
Krumbach,,,Krumbach
Edenhausen,,,Edenhausen
13711,,,13711
Krîlpa,,,Krîlpa
Rockendorf,,,Rockendorf
314,,,314
KubschÅtz,,,KubschÅtz
Kr,,,Kr
2794,,,2794
Kyritz,,,Kyritz
Brandenburg,,,Brandenburg
2667,,,2667
Kîln,,,Cologne
Bonn,,,Bonn
2680,,,2680
Kînigshofen,,,Kînigshofen
Bad,,,Bathroom
2691,,,2691
Kînigsmoos,,,Kînigsmoos
Untermaxfeld,,,Untermaxfeld
2081,,,2081
Kînigstuhl,,,Koenigsstuhl
Baden,,,Baden
2700,,,2700
Kîsching,,,Kosching
Bayern,,,Bavaria
2704,,,2704
Kîthen,,,Kîthen
Anhalt,,,Indication
2773,,,2773
KÅmmersbruck,,,KÅmmersbruck
Bayern,,,Bavaria
2796,,,2796
Laage,,,Laage
Flugplatz,,,Airfield
2812,,,2812
Lahr,,,Lahr
Baden,,,Baden
2829,,,2829
Landsberg,,,Landsberg
Flugplatz,,,Airfield
13710,,,13710
Landshut,,,Landshut
Reithof,,,Horse riding
2843,,,2843
Langen,,,Langen
BTZ,,,BTZ
2856,,,2856
Langenlipsdorf,,,Langenlipsdorf
Brandenburg,,,Brandenburg
7419,,,7419
Langenwetzendorf,,,Langenwetzendorf
Gîttendorf,,,Gîttendorf
2878,,,2878
LauchstÑdt,,,LauchstÑdt
Bad,,,Bathroom
2886,,,2886
Laupheim,,,Laupheim
Baden,,,Baden
867,,,867
Lautertal,,,Lautertal
Oberlauter,,,Oberlauter
2905,,,2905
Lechfeld,,,Lechfeld
Bayern,,,Bavaria
2907,,,2907
Leck,,,Leak
Schleswig,,,Schleswig
2920,,,2920
Leiblfing,,,Leiblfing
Bayern,,,Bavaria
2925,,,2925
Leinefelde,,,Leinefelde
ThÅringen,,,Thuringia
2928,,,2928
Leipzig,,,Leipzig
Holzhausen,,,Holzhausen
2947,,,2947
Lennestadt,,,Lennestadt
Theten,,,Theten
2951,,,2951
Lenzen,,,Lenzen
Elbe,,,Elbe
2953,,,2953
Lenzkirch,,,Lenzkirch
RuhbÅhl,,,Ruhbuehl
102,,,102
Leuchtturm,,,Lighthouse
Alte,,,Old woman
7403,,,7403
Leutkirch,,,Leutkirch
Herlazhofen,,,Herlazhofen
2985,,,2985
Lichtenhain,,,Lichtenhain
Mittelndorf,,,Mittelndorf
5797,,,5797
Lichtentanne,,,Light fir
Sachsen,,,Saxony
7099,,,7099
Liebenburg,,,Love Castle
Othfresen,,,Othfresen
3015,,,3015
Lindenberg,,,Lindenberg
Brandenburg,,,Brandenburg
3023,,,3023
Lingen,,,Lingen
Niedersachsen,,,Lower Saxony
3028,,,3028
Lippspringe,,,Lippspringe
Bad,,,Bathroom
3031,,,3031
Lippstadt,,,Lippstadt
Bîkenfîrde,,,Bîkenfîrde
3032,,,3032
List,,,Cunning
auf,,,to
3034,,,3034
Lobenstein,,,Lobenstein
Bad,,,Bathroom
6336,,,6336
Lohr,,,Lohr
Main,,,Main
3042,,,3042
Lîhnberg,,,Lohnberg
Obershausen,,,Oberhausen
3044,,,3044
Lîningen,,,Loningen
Niedersachsen,,,Lower Saxony
3083,,,3083
LÅbben,,,Lubben
Blumenfelde,,,Blumenfelde
3085,,,3085
LÅbeck,,,Lubeck
Schleswig,,,Schleswig
3093,,,3093
LÅchow,,,LÅchow
Niedersachsen,,,Lower Saxony
3098,,,3098
LÅdenscheid,,,LÅdenscheid
Nordrhein,,,North Rhine
6337,,,6337
LÅdinghausen,,,LÅdinghausen
Brochtrup,,,Brochtrup
6197,,,6197
LÅgde,,,Luegde
Paenbruch,,,Paenbruch
3126,,,3126
Magdeburg,,,Magdeburg
Sachsen,,,Saxony
3137,,,3137
Mainz,,,Mainz
Lerchenberg,,,Lerchenberg
3139,,,3139
Maisach,,,Maisach
Gernlinden,,,Gernlinden
3147,,,3147
Mallersdorf,,,Mallersdorf
Pfaffenberg,,,Pfaffenberg
3155,,,3155
Manderscheid,,,Manderscheid
Sonnenhof,,,Sonnenhof
5906,,,5906
Mannheim,,,Mannheim
Baden,,,Baden
3158,,,3158
Manschnow,,,Manschnow
Brandenburg,,,Brandenburg
3166,,,3166
Marienberg,,,Marienberg
Sachsen,,,Saxony
3170,,,3170
Marienleuchte,,,Marienleuchte
Schleswig,,,Schleswig
6312,,,6312
Markt,,,Market
Erlbach,,,Erlbach
3196,,,3196
Marnitz,,,Marnitz
Mecklenburg,,,Mecklenburg
3204,,,3204
Martinroda,,,Martinroda
ThÅringen,,,Thuringia
13713,,,13713
Meinerzhagen,,,Meinerzhagen
Redlendorf,,,Redlendorf
3231,,,3231
Meiningen,,,Meiningen
ThÅringen,,,Thuringia
3244,,,3244
Memmingen,,,Memmingen
Bayern,,,Bavaria
3246,,,3246
Mendig,,,Mendig
Rheinland,,,Rhineland
3509,,,3509
Menz,,,Menz
Brandenburg,,,Brandenburg
3254,,,3254
Meppen,,,Meppen
Niedersachsen,,,Lower Saxony
3257,,,3257
Mergentheim,,,Mergentheim
Bad,,,Bathroom
2814,,,2814
Merklingen,,,Merklingen
Baden,,,Baden
3271,,,3271
Metten,,,Metten
Bayern,,,Bavaria
3278,,,3278
Metzingen,,,Metzingen
Baden,,,Baden
3268,,,3268
Me·stetten,,,Me·stetten
Baden,,,Baden
3284,,,3284
Michelstadt,,,Michel City
Hessen,,,Hesse
4857,,,4857
Mittelnkirchen,,,Mittelnkirchen
Hohenfelde,,,Hohenfelde
3307,,,3307
Mittenwald,,,Mittenwald
Buckelwiesen,,,Buckelwiesen
3340,,,3340
Montabaur,,,Montabaur
Rheinland,,,Rhineland
6272,,,6272
Moorgrund,,,Moorgrund
GrÑfen,,,GrÑfen
3348,,,3348
Moringen,,,Moringen
Lutterbeck,,,Lutter Beck
3426,,,3426
Muskau,,,Muskau
Bad,,,Bathroom
1279,,,1279
Mîhrendorf,,,Mîhrendorf
Kleinseebach,,,Kleinseebach
3362,,,3362
MÅhlacker,,,Muehlacker
Baden,,,Baden
3366,,,3366
MÅhldorf,,,MÅhldorf
Bayern,,,Bavaria
6305,,,6305
MÅhlhausen,,,MÅhlhausen
ThÅringen,,,Thuringia
259,,,259
MÅllheim,,,Waste Home
Baden,,,Baden
3376,,,3376
MÅncheberg,,,Muencheberg
Brandenburg,,,Brandenburg
1262,,,1262
MÅnchen,,,Munich
Flughafen,,,Airport
3402,,,3402
MÅnsingen,,,MÅnsingen
Apfelstetten,,,Apple Stetten
1766,,,1766
MÅnster,,,Muenster
OsnabrÅck,,,OsnabrÅck
6186,,,6186
NastÑtten,,,Nastaetten
Rheinland,,,Rhineland
3442,,,3442
Nauheim,,,Nauheim
Bad,,,Bathroom
7420,,,7420
Naumburg,,,Naumburg
Saale,,,Saale
7410,,,7410
Neu,,,New
Ulrichstein,,,Ulrich Stein
3478,,,3478
Neubrandenburg,,,Neubrandenburg
Mecklenburg,,,Mecklenburg
5562,,,5562
Neubulach,,,Neubulach
Oberhaugstett,,,Oberhaugstett
3484,,,3484
Neuburg,,,Neuburg
Donau,,,Danube
3490,,,3490
Neuenahr,,,Neuenahr
Bad,,,Bathroom
7244,,,7244
Neuglobsow,,,Neuglobsow
HM,,,HM
3513,,,3513
Neuhaus,,,Neuhaus
am,,,on the
7412,,,7412
NeuhÅtten,,,NeuhÅtten
Spessart,,,Spessart
3527,,,3527
Neukirchen,,,Neukirchen
Hauptschwenda,,,Hauptschwenda
3540,,,3540
Neunkirchen,,,Neunkirchen
Seelscheid,,,Seelscheid
3552,,,3552
Neuruppin,,,Neuruppin
Brandenburg,,,Brandenburg
3571,,,3571
Neustadt,,,Neustadt
am,,,on the
3577,,,3577
Neustrelitz,,,Neustrelitz
Mecklenburg,,,Mecklenburg
3591,,,3591
Nideggen,,,Nideggen
Schmidt,,,Schmidt
3603,,,3603
Niederstetten,,,Niederstetten
Baden,,,Baden
3605,,,3605
Niederstotzingen,,,Niederstotzingen
Baden,,,Baden
2167,,,2167
Niederwîrresbach,,,Niederwîrresbach
Rheinland,,,Rhineland
3612,,,3612
Nienburg,,,Nienburg
Niedersachsen,,,Lower Saxony
3631,,,3631
Norderney,,,Norderney
Niedersachsen,,,Lower Saxony
3639,,,3639
Nordholz,,,North Woods
Flugplatz,,,Airfield
13904,,,13904
Nordseeboje,,,Nordseeboje
2,,,2
6314,,,6314
Nossen,,,Cooperative
Sachsen,,,Saxony
6275,,,6275
Notzingen,,,Notzingen
Baden,,,Baden
3623,,,3623
Nîrvenich,,,Noervenich
Flugplatz,,,Airfield
3659,,,3659
NÅrburg,,,NÅrburg
Rheinland,,,Rhineland
3667,,,3667
NÅrnberg,,,Nuremberg
Netzstall,,,Netzstall
3671,,,3671
NÅrtingen,,,NÅrtingen
Baden,,,Baden
7431,,,7431
Oberhaching,,,Oberhaching
Laufzorn,,,Laufzorn
4878,,,4878
Oberharz,,,Upper Harz
am,,,on the
3730,,,3730
Oberstdorf,,,Oberstdorf
Bayern,,,Bavaria
3734,,,3734
Obersulm,,,Obersulm
Willsbach,,,Willsbach
3739,,,3739
Oberviechtach,,,Oberviechtach
Bayern,,,Bavaria
7341,,,7341
Offenbach,,,Offenbach
Wetterpark,,,Weather Park
1602,,,1602
Ohlsbach,,,Ohlsbach
Baden,,,Baden
7321,,,7321
Olbersleben,,,Olbersleben
ThÅringen,,,Thuringia
3791,,,3791
Oldenburg,,,Oldenburg
Niedersachsen,,,Lower Saxony
1964,,,1964
Olsdorf,,,Olsdorf
Rheinland,,,Rhineland
3811,,,3811
Oschatz,,,Oschatz
Sachsen,,,Saxony
3815,,,3815
OsnabrÅck,,,OsnabrÅck
Niedersachsen,,,Lower Saxony
6105,,,6105
Ostenfeld,,,Ostenfeld
Rendsburg,,,Rendsburg
3821,,,3821
Osterfeld,,,Osterfeld
Sachsen,,,Saxony
3836,,,3836
Ostheim,,,Ostheim
v,,,v
3857,,,3857
Oy,,,Oy
Mittelberg,,,Mittelberg
6266,,,6266
Pabstorf,,,Pabstorf
Sachsen,,,Saxony
7427,,,7427
Padenstedt,,,Padenstedt
Pony,,,Pony
3875,,,3875
Parsberg,,,Parsberg
Oberpfalz,,,Oberpfalz
3879,,,3879
Passau,,,Passau
Oberhaus,,,House of Lords
3897,,,3897
Pelzerhaken,,,Pelzerhaken
Schleswig,,,Schleswig
3904,,,3904
Perl,,,Perl
Nennig,,,Nennig
3925,,,3925
Pforzheim,,,Pforzheim
Ispringen,,,Ispringen
3927,,,3927
Pfullendorf,,,Pfullendorf
Baden,,,Baden
7424,,,7424
Piding,,,Piding
Bayern,,,Bavaria
3939,,,3939
Pirmasens,,,Pirmasens
Rheinland,,,Rhineland
3946,,,3946
Plauen,,,Plauen
Sachsen,,,Saxony
3975,,,3975
Pommelsbrunn,,,Grassington
Mittelburg,,,Mittelburg
3987,,,3987
Potsdam,,,Potsdam
Brandenburg,,,Brandenburg
7350,,,7350
Prackenbach,,,Prackenbach
NeuhÑusl,,,Neuhausl
4018,,,4018
Puch,,,Puch
Bayern,,,Bavaria
4024,,,4024
Putbus,,,Putbus
Mecklenburg,,,Mecklenburg
4032,,,4032
Quedlinburg,,,Quedlinburg
Sachsen,,,Saxony
4036,,,4036
Querfurt,,,Querfurt
MÅhle,,,Mill
4039,,,4039
Quickborn,,,Quickborn
Schleswig,,,Schleswig
4063,,,4063
Rahden,,,Rahden
Kleinendorf,,,Small Village
4104,,,4104
Regensburg,,,Regensburg
Bayern,,,Bavaria
4127,,,4127
Reichshof,,,Reichshof
Eckenhagen,,,Eckenhagen
3621,,,3621
Reimlingen,,,Reimlingen
Bayern,,,Bavaria
5941,,,5941
Reit,,,Horse
im,,,in the
4154,,,4154
Remscheid,,,Remscheid
Lennep,,,Lennep
4160,,,4160
Renningen,,,Renningen
Ihinger,,,Ihinger
4169,,,4169
Rheinau,,,Rheinau
Memprechtshofen,,,Memprechtshofen
4174,,,4174
Rheine,,,Rheine
Bentlage,,,Bentlage
4175,,,4175
Rheinfelden,,,Rheinfelden
Baden,,,Baden
4177,,,4177
Rheinstetten,,,Rheinstetten
Baden,,,Baden
4261,,,4261
Rosenheim,,,Rosenheim
Bayern,,,Bavaria
4271,,,4271
Rostock,,,Rostock
WarnemÅnde,,,WarnemÅnde
4275,,,4275
Rotenburg,,,Rotenburg
WÅmme,,,WÅmme
4280,,,4280
Roth,,,Roth
Bayern,,,Bavaria
4287,,,4287
Rothenburg,,,Rothenburg ob der Tauber
ob,,,whether
4294,,,4294
Rottenburg,,,Rottenburg
Kiebingen,,,Kiebingen
4300,,,4300
Rottweil,,,Rottweil
Baden,,,Baden
6344,,,6344
Runkel,,,Runkel
Ennerich,,,Ennerich
4323,,,4323
Ruppertsecken,,,Ruppertsecken
Rheinland,,,Rhineland
3319,,,3319
Rîllbach,,,Rîllbach
Bayern,,,Bavaria
4336,,,4336
SaarbrÅcken,,,Saarbrucken
Ensheim,,,Ensheim
4349,,,4349
Sachsenheim,,,Saxony Home
Baden,,,Baden
4354,,,4354
Saldenburg,,,Saldenburg
Entschenreuth,,,Entschenreuth
4371,,,4371
Salzuflen,,,Salzuflen
Bad,,,Bathroom
4373,,,4373
Salzwedel,,,Salzwedel
Sachsen,,,Saxony
4377,,,4377
Sandberg,,,Sandberg
Bayern,,,Bavaria
4393,,,4393
Sankt,,,Saint
Peter,,,Peter
4411,,,4411
Schaafheim,,,Schaafheim
Schlierbach,,,Schlierbach
15207,,,15207
Schauenburg,,,Look Castle
Elgershausen,,,Elgershausen
4464,,,4464
Schleiz,,,Schleiz
ThÅringen,,,Thuringia
2437,,,2437
Schleswig,,,Schleswig
Jagel,,,Jagel
4480,,,4480
SchlÅchtern,,,SchlÅchtern
Herolz,,,Herolz
4485,,,4485
Schmalkalden,,,Schmalkalden
Kurort,,,Health resort
3289,,,3289
Schmieritz,,,Schmieritz
Weltwitz,,,Weltwitz
4501,,,4501
SchmÅcke,,,Accessorize
ThÅringen,,,Thuringia
7325,,,7325
Schneefernerhaus,,,Schneefernerhaus
Bayern,,,Bavaria
4508,,,4508
Schneifelforsthaus,,,Schneifelforsthaus
Rheinland,,,Rhineland
6347,,,6347
Schonungen,,,Plantations
Mainberg,,,Mainberg
4559,,,4559
Schorndorf,,,Schorndorf
Knîbling,,,Knîbling
4560,,,4560
Schotten,,,Scots
Hessen,,,Hesse
4584,,,4584
Schwaigermoos,,,Schwaiger moss
Bayern,,,Bavaria
4592,,,4592
Schwandorf,,,Schwandorf
Bayern,,,Bavaria
4605,,,4605
Schwarzburg,,,Black Castle
ThÅringen,,,Thuringia
4625,,,4625
Schwerin,,,Schwerin
Mecklenburg,,,Mecklenburg
4629,,,4629
Schwesing,,,Schwesing
Schleswig,,,Schleswig
6262,,,6262
SchwÑbisch,,,Swabian
GmÅnd,,,GmÅnd
5930,,,5930
Schînhagen,,,Schoenhagen
Ostseebad,,,Ostseebad
4642,,,4642
Seehausen,,,Seehausen
Sachsen,,,Saxony
4651,,,4651
Seesen,,,Seesen
Niedersachsen,,,Lower Saxony
4548,,,4548
Selb,,,Selb
Oberfranken,,,Upper Franconia
4692,,,4692
Siegen,,,Win
KlÑranlage,,,Sewage plant
7105,,,7105
Siegsdorf,,,Victory Village
Hîll,,,Hell
4702,,,4702
Sigmaringen,,,Sigmaringen
Flugplatz,,,Airfield
4704,,,4704
Sigmarszell,,,Sigmarszell
Zeisertsweiler,,,Zeisertsweiler
4706,,,4706
Simbach,,,Simbach
Inn,,,Inn
4709,,,4709
Simmern,,,Simmer
Wahlbach,,,Wahlbach
6263,,,6263
Singen,,,Singing
Baden,,,Baden
4719,,,4719
Sinsheim,,,Sinsheim
Baden,,,Baden
6129,,,6129
Sohland,,,Sohland
Spree,,,Spree
4745,,,4745
Soltau,,,Soltau
Niedersachsen,,,Lower Saxony
4748,,,4748
Sondershausen,,,Sondershausen
ThÅringen,,,Thuringia
4752,,,4752
Sonneberg,,,Sonnenberg
Neufang,,,Neufang
4763,,,4763
Sontra,,,Sontra
Hessen,,,Hesse
4997,,,4997
Starkenberg,,,Stark Mountain
Tegkwitz,,,Tegkwitz
4841,,,4841
Steinau,,,Steinau
Kr,,,Kr
6199,,,6199
Steinhagen,,,Steinhagen
Negast,,,Negast
4911,,,4911
Straubing,,,Straubing
Bayern,,,Bavaria
4926,,,4926
Stuttgart,,,Stuttgart
Neckartal,,,Neckar
4887,,,4887
Stîtten,,,Stîtten
Baden,,,Baden
4978,,,4978
Tann,,,Tann
Rhîn,,,Rhîn
5009,,,5009
Teterow,,,Teterow
Mecklenburg,,,Mecklenburg
5017,,,5017
Teuschnitz,,,Teuschnitz
Bayern,,,Bavaria
5029,,,5029
Tholey,,,Tholey
Saarland,,,Saarland
5046,,,5046
Tirschenreuth,,,Tirschenreuth
LodermÅhl,,,LodermÅhl
7329,,,7329
Treuen,,,Faithful
Sachsen,,,Saxony
5097,,,5097
Tribsees,,,Tribsees
Mecklenburg,,,Mecklenburg
5099,,,5099
Trier,,,Trier
Zewen,,,Zewen
5109,,,5109
Trollenhagen,,,Trollenhagen
Mecklenburg,,,Mecklenburg
5111,,,5111
Trostberg,,,Trostberg
Bayern,,,Bavaria
5133,,,5133
Twistetal,,,Twistetal
MÅhlhausen,,,MÅhlhausen
5064,,,5064
Tînisvorst,,,Tînisvorst
Nordrhein,,,North Rhine
954,,,954
UFS,,,UFS
Deutsche,,,German
5142,,,5142
UeckermÅnde,,,Ueckermuende
Mecklenburg,,,Mecklenburg
5146,,,5146
Uelzen,,,Uelzen
Niedersachsen,,,Lower Saxony
5155,,,5155
Ulm,,,Ulm
Baden,,,Baden
5158,,,5158
Ummendorf,,,Ummendorf
Sachsen,,,Saxony
7428,,,7428
Veilsdorf,,,Veilsdorf
ThÅringen,,,Thuringia
5229,,,5229
Villingen,,,Villingen
Schwenningen,,,Schwenningen
4896,,,4896
Wagersrott,,,Wagersrott
Schleswig,,,Schleswig
5275,,,5275
WaghÑusel,,,Waghaeusel
Kirrlach,,,Kirrlach
5277,,,5277
Wahlen,,,Elections
Hessen,,,Hesse
5279,,,5279
Wahlsburg,,,Wahlburg
Lippoldsberg,,,Lippold mountain
5282,,,5282
Wahnsdorf,,,Wahnsdorf
bei,,,with
13674,,,13674
Waibstadt,,,Waibstadt
Baden,,,Baden
5300,,,5300
Waldems,,,Waldems
Reinborn,,,Reinborn
7370,,,7370
WaldmÅnchen,,,Forest Munich
Bayern,,,Bavaria
5335,,,5335
Waltershausen,,,Waltershausen
ThÅringen,,,Thuringia
13696,,,13696
Waltrop,,,Waltrop
Abdinghof,,,Abdinghof
6157,,,6157
Wangerland,,,Wangerland
Hooksiel,,,Hooksiel
5347,,,5347
Warburg,,,Warburg
Nordrhein,,,North Rhine
5349,,,5349
Waren,,,Goods
MÅritz,,,MÅritz
474,,,474
Warthausen,,,Warthausen
Birkenhard,,,Birkenhard
5371,,,5371
Wasserkuppe,,,Wasserkuppe
Hessen,,,Hesse
5397,,,5397
Weiden,,,Grazing
Bayern,,,Bavaria
6158,,,6158
Weidenbach,,,Weidenbach
Weiherschneidbach,,,Weiherschneidbach
5404,,,5404
Weihenstephan,,,Weihenstephan
DÅrnast,,,DÅrnast
1327,,,1327
Weilerswist,,,Weilerswist
Lommersum,,,Lommersum
5419,,,5419
Weimar,,,Weimar
ThÅringen,,,Thuringia
5426,,,5426
Weinbiet,,,Weinbiet
Rheinland,,,Rhineland
4094,,,4094
Weingarten,,,Vineyard
Kr,,,Kr
5433,,,5433
Weiskirchen,,,Weiskirchen
Saar,,,Saar
5440,,,5440
Wei·enburg,,,White Castle
Emetzheim,,,Emetzheim
5467,,,5467
Wendelstein,,,Wendelstein
Bayern,,,Bavaria
6093,,,6093
Wendisch,,,Wendisch
Evern,,,Evern
5480,,,5480
Werl,,,Werl
Nordrhein,,,North Rhine
4445,,,4445
Wernigerode,,,Wernigerode
Schierke,,,Schierke
5538,,,5538
Wielenbach,,,Wielenbach
Demollstr,,,Demollstr
5541,,,5541
Wiesbaden,,,Wiesbaden
Auringen,,,Auringen
5546,,,5546
Wiesenburg,,,Wiesenburg
Brandenburg,,,Brandenburg
6184,,,6184
Wilhelmshaven,,,Wilhelmshaven
Flugplatz,,,Airfield
5629,,,5629
Wittenberg,,,Wittenberg
Sachsen,,,Saxony
5280,,,5280
Wittenborn,,,Wittenborn
Schleswig,,,Schleswig
7432,,,7432
Wittingen,,,Wittingen
Vorhop,,,Vorhop
5640,,,5640
Wittmundhafen,,,Wittmundhafen
Niedersachsen,,,Lower Saxony
5643,,,5643
Wittstock,,,Wittstock
Rote,,,Red
5663,,,5663
Woldegk,,,Woldegk
Mecklenburg,,,Mecklenburg
5664,,,5664
Wolfach,,,Wolfach
Baden,,,Baden
5676,,,5676
Wolfsburg,,,Wolfsburg
SÅdwest,,,Southwest
5692,,,5692
Worms,,,Worms
Rheinland,,,Rhineland
5014,,,5014
Worpswede,,,Worpswede
HÅttenbusch,,,HÅttenbusch
5732,,,5732
Wrixum,,,Wrixum
Fîhr,,,Foehr
7394,,,7394
Wunsiedel,,,Wunsiedel
Schînbrunn,,,Schînbrunn
5715,,,5715
Wunstorf,,,Wunstorf
Niedersachsen,,,Lower Saxony
5717,,,5717
Wuppertal,,,Wuppertal
Buchenhofen,,,Buchhofen
6265,,,6265
Wusterwitz,,,Wusterwitz
Brandenburg,,,Brandenburg
5731,,,5731
Wutîschingen,,,Wutoeschingen
Ofteringen,,,Ofteringen
5705,,,5705
WÅrzburg,,,WÅrzburg
Bayern,,,Bavaria
5745,,,5745
Zehdenick,,,Zehdenick
Brandenburg,,,Brandenburg
5750,,,5750
Zeitz,,,Zeitz
Sachsen,,,Saxony
5779,,,5779
Zinnwald,,,Zinnwald
Georgenfeld,,,George Field
5792,,,5792
Zugspitze,,,Zugspitze
Bayern,,,Bavaria
5800,,,5800
Zwiesel,,,Zwiesel
Bayern,,,Bavaria
5802,,,5802
Zwieselberg,,,Zwieselberg
Bayern,,,Bavaria
3761,,,3761
ôhringen,,,ôhringen
Baden,,,Baden
